url,title,meta_description,h1
https://developers.openai.com/apps-sdk,Apps SDK | OpenAI Developers,Learn how to use Apps SDK by OpenAI. Our framework to build apps for ChatGPT.,Apps SDK
https://platform.openai.com/login,OpenAI Platform,No meta description,No H1
https://developers.openai.com/api/docs,OpenAI API Platform Documentation,"Explore guides, API docs, and examples for the OpenAI API.",API Platform
https://openai.com/api/,API Platform | OpenAI,Our API platform offers our latest models and guides for safety best practices.,Build leading AI products on OpenAI’s platform
https://openai.com/index/improving-health-intelligence-in-chatgpt/,Improving health intelligence in ChatGPT | OpenAI,"Learn how GPT-5.5 Instant improves ChatGPT’s health and wellness responses with stronger reasoning, better context, clearer communication, and physician-informed evaluations.",Improving health intelligence in ChatGPT
https://openai.com/index/personal-finance-chatgpt/,A new personal finance experience in ChatGPT | OpenAI,"Preview a new personal finance experience in ChatGPT for Pro users in the U.S. Securely connect your financial accounts and get AI-powered insights and guidance grounded in your financial context, goals, and priorities.",A new personal finance experience in ChatGPT
https://openai.com/index/cyberagent/,CyberAgent moves faster with ChatGPT Enterprise and Codex | OpenAI,"CyberAgent uses ChatGPT Enterprise and Codex to securely scale AI adoption, improve quality, and accelerate decisions across advertising, media, and gaming.",CyberAgent moves faster with ChatGPT Enterprise and Codex
https://openai.com/index/cycling-across-antarctica/,Training to cycle across Antarctica with ChatGPT | OpenAI,James Benson-King is preparing for something that has never been done.,Training to cycle across Antarctica with ChatGPT
https://openai.com/open-models/,Open models by OpenAI | OpenAI,Advanced open-weight reasoning models to customize for any use case and run anywhere.,Open models by OpenAI
https://openai.com/index/openai-submits-confidential-s-1/,Confidential submission of draft S-1 to the SEC | OpenAI,OpenAI confirms a confidential S-1 submission to the SEC and has not yet determined timing for further action.,Confidential submission of draft S-1 to the SEC
https://openai.com/trust-and-transparency/,Trust and transparency | OpenAI,OpenAI is securing an ethical future for AI through a commitment to openness and integrity.,Trust & transparency
https://openai.com/index/how-agents-are-transforming-work/,How agents are transforming work | OpenAI,"A new OpenAI research paper shows how AI agents are transforming work, enabling longer, more complex tasks and expanding productivity across roles.",How agents are transforming work
https://openai.com/index/chip-ganassi-racing/,Chip Ganassi Racing × OpenAI | OpenAI,"Discover how Chip Ganassi Racing and OpenAI are using AI to advance racing innovation, optimize performance, and gain an edge on the track.",Chip Ganassi Racing × OpenAI
https://openai.com/index/how-we-monitor-internal-coding-agents-misalignment/,How we monitor internal coding agents for misalignment | OpenAI,How OpenAI uses chain-of-thought monitoring to study misalignment in internal coding agents—analyzing real-world deployments to detect risks and strengthen AI safety safeguards.,How we monitor internal coding agents for misalignment
https://help.openai.com/,OpenAI Help Center,OpenAI Help Center,No H1
https://openai.com/,OpenAI | Research & Deployment,"We believe our research will eventually lead to artificial general intelligence, a system that can solve human-level problems. Building safe and beneficial AGI is our mission.",No H1
https://openai.com/research/,Research | OpenAI,No meta description,Pioneering research on the path to AGI
https://openai.com/podcast/,The OpenAI Podcast | OpenAI,"Introducing the OpenAI Podcast—a series of honest, long-form conversations with the people building and shaping technology from inside OpenAI.",The OpenAI Podcast
https://openai.com/index/advancing-content-provenance/,"Advancing content provenance for a safer, more transparent AI ecosystem | OpenAI","OpenAI advances AI content provenance with Content Credentials, SynthID, and a verification tool to help people identify and trust AI-generated media.","Advancing content provenance for a safer, more transparent AI ecosystem"
https://openai.com/index/previewing-gpt-5-6-sol/,Previewing GPT-5.6 Sol: a next-generation model | OpenAI,"OpenAI previews GPT-5.6 Sol, a next-generation model with stronger capabilities in coding, science, and cybersecurity, paired with its most advanced safety stack.",Previewing GPT‑5.6 Sol: a next-generation model
